orig_type,old_model,count,total
Bo,6,7,7
Bo,14,93917,93917
Mave,3,1,3
Mave,7,3,11
Mave,9,3,9
Mave,10,13,161
Mave,12,55,744
Mave,13,2120,29537
Mave,14,6571,94150
Rey,2,3,7
Rey,6,1,7
Rey,7,2,17
Rey,10,16,185
Rey,11,4,30
Rey,12,70,715
Rey,13,3129,29828
Rey,14,41644,94390
Tess,2,1,5
Tess,4,1,2
Tess,6,5,13
Tess,7,5,12
Tess,8,1,7
Tess,9,1,12
Tess,10,39,171
Tess,11,6,21
Tess,12,157,691
Tess,13,7345,29619
Tess,14,23774,94847
Bo,1,9,9
Bo,5,49828,49828
Bo,14,3933,3933
Mave,2,2265,33058
Mave,4,678,9812
Mave,5,3509,49966
Mave,7,515,6948
Mave,8,311,4395
Mave,9,359,4772
Mave,10,220,3022
Mave,11,201,3058
Mave,12,219,3084
Mave,13,146,2244
Mave,14,280,3914
Rey,1,2,2
Rey,2,3487,33302
Rey,4,1031,10087
Rey,5,21980,50035
Rey,7,799,7221
Rey,8,539,4669
Rey,9,529,4695
Rey,10,320,3050
Rey,11,327,3086
Rey,12,324,3134
Rey,13,237,2277
Rey,14,1645,3796
Tess,2,8387,33317
Tess,4,2424,9789
Tess,5,12505,50001
Tess,7,1812,7139
Tess,8,1186,4697
Tess,9,1116,4657
Tess,10,768,3129
Tess,11,720,2987
Tess,12,763,3177
Tess,13,589,2276
Tess,14,975,3828
Bo,1,6,6
Bo,5,1168,1168
Bo,14,35926,35926
Mave,4,40,586
Mave,5,78,1252
Mave,7,1965,27332
Mave,8,23,340
Mave,9,23,414
Mave,10,1514,20763
Mave,11,1451,20146
Mave,12,16,200
Mave,13,1259,17848
Mave,14,2600,35651
Rey,1,2,3
Rey,4,68,578
Rey,5,549,1252
Rey,7,2942,27434
Rey,8,38,303
Rey,9,57,424
Rey,10,2261,20828
Rey,11,2171,20397
Rey,12,10,204
Rey,13,1903,17900
Rey,14,16250,36301
Tess,3,1,4
Tess,4,151,584
Tess,5,292,1215
Tess,6,1,3
Tess,7,6809,27374
Tess,8,79,313
Tess,9,113,441
Tess,10,5150,20678
Tess,11,5177,20360
Tess,12,36,196
Tess,13,4417,17757
Tess,14,8992,35947
Bo,5,3,3
Bo,6,7,7
Bo,14,48012,48012
Mave,3,1,3
Mave,7,1,24
Mave,9,3,9
Mave,10,39,502
Mave,12,153,1952
Mave,13,5422,74489
Mave,14,3372,47629
Rey,2,3,7
Rey,6,1,6
Rey,7,1,20
Rey,10,47,530
Rey,11,2,41
Rey,12,239,1883
Rey,13,7971,74701
Rey,14,21460,47990
Tess,2,1,5
Tess,4,1,4
Tess,6,3,9
Tess,7,9,15
Tess,8,1,6
Tess,9,1,12
Tess,10,129,505
Tess,11,6,31
Tess,12,476,1960
Tess,13,18667,74946
Tess,14,11910,47904
Bo,1,9,9
Bo,5,30837,30837
Bo,14,23,23
Mave,2,5955,84931
Mave,4,389,5898
Mave,5,2157,30289
Mave,7,85,1156
Mave,8,57,745
Mave,9,63,730
Mave,10,8,141
Mave,11,18,173
Mave,12,9,139
Mave,13,2,51
Mave,14,1,20
Rey,1,2,4
Rey,2,9197,85538
Rey,4,663,6039
Rey,5,13503,30554
Rey,7,122,1163
Rey,8,92,785
Rey,9,70,742
Rey,10,18,147
Rey,11,14,141
Rey,12,15,168
Rey,13,4,44
Rey,14,11,30
Tess,2,21309,85097
Tess,4,1484,5973
Tess,5,7600,30629
Tess,7,293,1150
Tess,8,199,823
Tess,9,192,746
Tess,10,42,139
Tess,11,46,175
Tess,12,34,176
Tess,13,11,63
Tess,14,3,26
Bo,1,13,13
Bo,5,2198,2198
Bo,14,2474,2474
Mave,2,1,34
Mave,4,165,1959
Mave,5,141,2326
Mave,7,5673,79893
Mave,8,31,407
Mave,9,32,412
Mave,10,1186,16462
Mave,11,1204,16597
Mave,12,3,80
Mave,13,285,3870
Mave,14,174,2497
Rey,1,3,4
Rey,2,6,39
Rey,4,218,2009
Rey,5,995,2343
Rey,7,8660,80967
Rey,8,51,398
Rey,9,43,397
Rey,10,1683,16281
Rey,11,1756,16732
Rey,12,6,63
Rey,13,464,3959
Rey,14,1105,2436
Tess,2,5,35
Tess,3,1,3
Tess,4,488,1910
Tess,5,599,2286
Tess,6,1,3
Tess,7,20070,79942
Tess,8,89,369
Tess,9,105,377
Tess,10,4004,16226
Tess,11,4170,17147
Tess,12,19,73
Tess,13,1045,3996
Tess,14,611,2505
Bo,5,707,707
Bo,6,1461,1461
Bo,14,78994,78994
Mave,2,1,18
Mave,3,3,41
Mave,4,8,163
Mave,5,45,711
Mave,6,93,1431
Mave,7,63,828
Mave,8,34,458
Mave,9,58,609
Mave,10,182,2763
Mave,11,214,2976
Mave,12,293,3878
Mave,13,2281,31899
Mave,14,5619,78880
Rey,2,4,16
Rey,3,2,45
Rey,4,15,141
Rey,5,343,711
Rey,6,675,1455
Rey,7,90,854
Rey,8,50,436
Rey,9,61,580
Rey,10,286,2740
Rey,11,354,3068
Rey,12,411,3791
Rey,13,3445,32261
Rey,14,35075,79098
Tess,2,5,17
Tess,3,5,24
Tess,4,46,149
Tess,5,176,707
Tess,6,361,1475
Tess,7,212,818
Tess,8,118,436
Tess,9,146,623
Tess,10,708,2814
Tess,11,760,3037
Tess,12,974,3846
Tess,13,8146,32371
Tess,14,19818,79084
Bo,1,2029,2029
Bo,5,47430,47430
Bo,6,466,466
Bo,14,3874,3874
Mave,1,136,2015
Mave,2,2235,32867
Mave,3,45,608
Mave,4,673,9732
Mave,5,3312,47477
Mave,6,35,459
Mave,7,473,6724
Mave,8,323,4520
Mave,9,350,4683
Mave,10,218,2994
Mave,11,203,3007
Mave,12,207,3046
Mave,13,167,2319
Mave,14,268,3833
Rey,1,710,2049
Rey,2,3486,33189
Rey,3,71,590
Rey,4,1016,10023
Rey,5,21090,47619
Rey,6,212,451
Rey,7,754,6842
Rey,8,545,4744
Rey,9,490,4638
Rey,10,323,2982
Rey,11,308,2994
Rey,12,318,3081
Rey,13,240,2365
Rey,14,1647,3791
Tess,2,8284,33107
Tess,3,145,602
Tess,4,2451,9734
Tess,5,12027,47620
Tess,6,112,430
Tess,7,1758,6873
Tess,8,1202,4808
Tess,9,1106,4600
Tess,10,770,3125
Tess,11,737,2972
Tess,12,787,3129
Tess,13,610,2314
Tess,14,937,3669
Bo,1,47,47
Bo,5,12467,12467
Bo,6,789,789
Bo,14,25986,25986
Mave,1,2,43
Mave,2,63,822
Mave,3,39,483
Mave,4,208,2825
Mave,5,942,12808
Mave,6,55,779
Mave,7,1977,28006
Mave,8,158,1657
Mave,9,96,1544
Mave,10,1250,17282
Mave,11,1227,17270
Mave,12,75,970
Mave,13,995,14186
Mave,14,1709,25864
Rey,1,14,33
Rey,2,91,828
Rey,3,53,516
Rey,4,315,2899
Rey,5,5462,12597
Rey,6,333,736
Rey,7,3010,28249
Rey,8,162,1619
Rey,9,148,1599
Rey,10,1871,17395
Rey,11,1927,17640
Rey,12,107,1017
Rey,13,1534,14310
Rey,14,11603,26193
Tess,2,203,811
Tess,3,138,507
Tess,4,735,2837
Tess,5,3186,12671
Tess,6,199,795
Tess,7,7041,28041
Tess,8,426,1623
Tess,9,394,1572
Tess,10,4357,17257
Tess,11,4331,17379
Tess,12,238,965
Tess,13,3481,14243
Tess,14,6582,26125
Bo,1,36,36
Bo,5,6523,6523
Bo,6,5672,5672
Bo,14,25891,25891
Mave,1,2,34
Mave,2,21,440
Mave,3,77,862
Mave,4,74,1051
Mave,5,470,6394
Mave,6,426,5865
Mave,7,274,3923
Mave,8,108,1536
Mave,9,161,2664
Mave,10,484,7158
Mave,11,520,7545
Mave,12,705,10117
Mave,13,3609,51221
Mave,14,1829,25846
Rey,1,16,52
Rey,2,39,395
Rey,3,92,878
Rey,4,129,1063
Rey,5,2860,6401
Rey,6,2631,6000
Rey,7,411,3913
Rey,8,166,1526
Rey,9,284,2636
Rey,10,693,7133
Rey,11,812,7617
Rey,12,1047,10093
Rey,13,5538,51325
Rey,14,11461,26164
Tess,2,93,391
Tess,3,224,876
Tess,4,249,988
Tess,5,1630,6375
Tess,6,1473,6010
Tess,7,1050,3862
Tess,8,367,1440
Tess,9,736,2757
Tess,10,1735,7205
Tess,11,1858,7669
Tess,12,2645,10322
Tess,13,12756,51325
Tess,14,6466,26139
Bo,1,6268,6268
Bo,5,26562,26562
Bo,6,111,111
Bo,14,44,44
Mave,1,454,6360
Mave,2,5835,82347
Mave,3,23,491
Mave,4,362,5515
Mave,5,1835,26115
Mave,6,6,114
Mave,7,80,1070
Mave,8,64,802
Mave,9,75,815
Mave,10,9,193
Mave,11,15,175
Mave,12,11,189
Mave,13,2,68
Mave,14,2,30
Rey,1,2249,6325
Rey,2,8806,82793
Rey,3,59,470
Rey,4,567,5652
Rey,5,11650,26528
Rey,6,52,126
Rey,7,112,1092
Rey,8,109,885
Rey,9,82,809
Rey,10,27,213
Rey,11,16,154
Rey,12,16,216
Rey,13,4,54
Rey,14,22,41
Tess,2,20533,82287
Tess,3,127,506
Tess,4,1369,5570
Tess,5,6626,26674
Tess,6,17,96
Tess,7,283,1119
Tess,8,204,871
Tess,9,214,861
Tess,10,50,188
Tess,11,43,174
Tess,12,45,214
Tess,13,11,59
Tess,14,8,42
Bo,1,411,411
Bo,5,23100,23100
Bo,6,1748,1748
Bo,14,1629,1629
Mave,1,33,389
Mave,2,181,2750
Mave,3,309,3906
Mave,4,547,7747
Mave,5,1679,23044
Mave,6,131,1780
Mave,7,4013,56615
Mave,8,131,1980
Mave,9,125,1746
Mave,10,802,10416
Mave,11,644,9585
Mave,12,21,406
Mave,13,196,2584
Mave,14,120,1591
Rey,1,146,394
Rey,2,304,2758
Rey,3,429,3937
Rey,4,811,7773
Rey,5,10224,23166
Rey,6,804,1786
Rey,7,6202,57134
Rey,8,249,2018
Rey,9,184,1832
Rey,10,1163,10416
Rey,11,951,9800
Rey,12,29,417
Rey,13,299,2627
Rey,14,686,1573
Tess,2,706,2763
Tess,3,940,3857
Tess,4,1926,7758
Tess,5,5767,23032
Tess,6,434,1743
Tess,7,14434,57112
Tess,8,528,1942
Tess,9,437,1786
Tess,10,2588,10311
Tess,11,2314,9610
Tess,12,87,389
Tess,13,652,2575
Tess,14,391,1600
Bo,1,27344,27344
Bo,5,16414,16414
Bo,6,16868,16868
Bo,14,6197,6197
Mave,1,1915,27171
Mave,2,785,11087
Mave,3,811,12161
Mave,4,341,4803
Mave,5,1133,16479
Mave,6,1242,16850
Mave,7,305,4537
Mave,8,297,4293
Mave,9,289,4117
Mave,10,245,3697
Mave,11,294,4304
Mave,12,290,4151
Mave,13,309,4748
Mave,14,433,6258
Rey,1,9835,27402
Rey,2,1236,11050
Rey,3,1284,11980
Rey,4,537,4899
Rey,5,7323,16324
Rey,6,7423,17031
Rey,7,455,4472
Rey,8,427,4190
Rey,9,421,4229
Rey,10,348,3621
Rey,11,521,4551
Rey,12,473,4157
Rey,13,498,4914
Rey,14,2753,6376
Tess,2,2832,11010
Tess,3,3073,12246
Tess,4,1245,4959
Tess,5,3963,16055
Tess,6,4299,17141
Tess,7,1093,4539
Tess,8,1059,4366
Tess,9,1014,4180
Tess,10,951,3755
Tess,11,1138,4583
Tess,12,1057,4066
Tess,13,1220,4849
Tess,14,1463,6120
Bo,1,31471,31471
Bo,5,21003,21003
Bo,6,5436,5436
Bo,14,2257,2257
Mave,1,2203,31191
Mave,2,2122,30035
Mave,3,550,7790
Mave,4,516,7695
Mave,5,1556,20632
Mave,6,385,5320
Mave,7,284,3817
Mave,8,302,4173
Mave,9,248,3231
Mave,10,135,2212
Mave,11,150,2045
Mave,12,164,2206
Mave,13,123,1672
Mave,14,130,2265
Rey,1,11349,31735
Rey,2,3276,30492
Rey,3,803,7871
Rey,4,774,7514
Rey,5,9101,20833
Rey,6,2371,5417
Rey,7,427,3859
Rey,8,447,4119
Rey,9,329,3106
Rey,10,218,2210
Rey,11,210,2072
Rey,12,240,2136
Rey,13,208,1759
Rey,14,951,2235
Tess,2,7629,30186
Tess,3,1913,7682
Tess,4,1964,7722
Tess,5,5117,20964
Tess,6,1373,5360
Tess,7,993,3967
Tess,8,1027,4026
Tess,9,812,3290
Tess,10,543,2204
Tess,11,476,2006
Tess,12,568,2205
Tess,13,424,1680
Tess,14,584,2275
Bo,1,25110,25110
Bo,5,20468,20468
Bo,6,11760,11760
Bo,14,4196,4196
Mave,1,1797,24763
Mave,2,848,12403
Mave,3,1118,15550
Mave,4,512,7477
Mave,5,1469,20550
Mave,6,861,11895
Mave,7,534,7759
Mave,8,308,4018
Mave,9,212,3029
Mave,10,272,4182
Mave,11,224,3682
Mave,12,143,2030
Mave,13,224,3002
Mave,14,291,4199
Rey,1,8888,24652
Rey,2,1328,12490
Rey,3,1666,15920
Rey,4,811,7669
Rey,5,9191,20904
Rey,6,5140,11749
Rey,7,773,7723
Rey,8,380,4075
Rey,9,308,3017
Rey,10,414,4191
Rey,11,356,3750
Rey,12,225,2134
Rey,13,362,3113
Rey,14,1811,4244
Tess,2,3087,12429
Tess,3,3782,15539
Tess,4,1838,7407
Tess,5,5140,20687
Tess,6,2974,12020
Tess,7,1867,7555
Tess,8,990,4109
Tess,9,721,2994
Tess,10,1058,4200
Tess,11,885,3710
Tess,12,530,2119
Tess,13,796,3162
Tess,14,1032,4133
Bo,1,84423,84423
Bo,5,5010,5010
Bo,6,4059,4059
Bo,14,100,100
Mave,1,5921,84352
Mave,2,986,12999
Mave,3,835,11945
Mave,4,146,1941
Mave,5,376,4916
Mave,6,304,4171
Mave,7,60,911
Mave,8,50,819
Mave,9,54,889
Mave,10,24,445
Mave,11,27,475
Mave,12,39,435
Mave,13,20,244
Mave,14,6,114
Rey,1,30302,85012
Rey,2,1379,12883
Rey,3,1182,11989
Rey,4,199,1988
Rey,5,2155,4878
Rey,6,1841,4170
Rey,7,89,940
Rey,8,76,791
Rey,9,106,877
Rey,10,61,450
Rey,11,47,443
Rey,12,40,398
Rey,13,24,243
Rey,14,51,134
Tess,2,3369,13256
Tess,3,3076,12200
Tess,4,519,2011
Tess,5,1162,4908
Tess,6,1093,4243
Tess,7,239,909
Tess,8,185,779
Tess,9,229,875
Tess,10,119,395
Tess,11,123,500
Tess,12,101,419
Tess,13,47,254
Tess,14,28,119
Bo,1,75569,75569
Bo,5,4038,4038
Bo,6,810,810
Bo,14,33,33
Mave,1,5289,75138
Mave,2,2494,35454
Mave,3,285,4345
Mave,4,171,2477
Mave,5,291,4062
Mave,6,47,746
Mave,7,36,516
Mave,8,43,556
Mave,9,37,455
Mave,10,17,162
Mave,11,6,141
Mave,12,8,146
Mave,13,8,52
Mave,14,4,34
Rey,1,26976,75843
Rey,2,3773,35877
Rey,3,463,4253
Rey,4,229,2425
Rey,5,1775,4025
Rey,6,351,801
Rey,7,56,513
Rey,8,61,543
Rey,9,64,537
Rey,10,21,139
Rey,11,9,155
Rey,12,26,169
Rey,13,6,56
Rey,14,11,22
Tess,2,8790,35564
Tess,3,1072,4303
Tess,4,590,2366
Tess,5,1042,4127
Tess,6,220,835
Tess,7,113,491
Tess,8,151,621
Tess,9,125,503
Tess,10,42,160
Tess,11,35,161
Tess,12,53,177
Tess,13,19,75
Tess,14,8,35
Bo,1,74290,74290
Bo,5,6893,6893
Bo,6,2487,2487
Bo,14,72,72
Mave,1,5165,73687
Mave,2,1137,16497
Mave,3,1193,17485
Mave,4,209,3149
Mave,5,509,6916
Mave,6,174,2579
Mave,7,110,1454
Mave,8,65,796
Mave,9,45,661
Mave,10,30,449
Mave,11,34,448
Mave,12,15,198
Mave,13,9,138
Mave,14,12,82
Rey,1,26680,74202
Rey,2,1770,16874
Rey,3,1865,17668
Rey,4,365,3277
Rey,5,3018,6946
Rey,6,1123,2601
Rey,7,158,1424
Rey,8,66,786
Rey,9,72,629
Rey,10,40,405
Rey,11,36,381
Rey,12,24,214
Rey,13,12,148
Rey,14,34,76
Tess,2,4077,16665
Tess,3,4371,17268
Tess,4,846,3268
Tess,5,1754,6979
Tess,6,621,2560
Tess,7,362,1418
Tess,8,191,743
Tess,9,171,684
Tess,10,110,424
Tess,11,81,352
Tess,12,62,233
Tess,13,38,130
Tess,14,18,67
Bo,1,102,102
Bo,5,1605,1605
Bo,6,2595,2595
Bo,14,489978,489978
Mave,14,124,1696
Rey,1,1,1
Rey,5,2,2
Rey,6,10,10
Rey,14,1616,1628
Tess,5,1,8
Tess,6,2,11
Tess,13,2,3
Tess,14,389,1586
Bo,1,635,635
Bo,5,314548,314548
Bo,6,1065,1065
Bo,14,171367,171367
Mave,3,1,4
Mave,5,72,1104
Mave,7,2,7
Mave,12,2,5
Mave,13,1,2
Mave,14,37,584
Rey,1,3,3
Rey,5,1087,1094
Rey,6,2,2
Rey,14,552,556
Tess,2,1,2
Tess,5,271,1122
Tess,6,1,4
Tess,7,2,7
Tess,11,1,3
Tess,14,139,577
Bo,1,1019,1019
Bo,5,12564,12564
Bo,6,2806,2806
Bo,14,474302,474302
Mave,5,2,45
Mave,13,1,6
Mave,14,119,1600
Rey,1,4,4
Rey,5,43,43
Rey,6,8,8
Rey,14,1563,1575
Tess,5,15,59
Tess,6,1,6
Tess,7,1,1
Tess,10,1,3
Tess,11,2,2
Tess,13,3,4
Tess,14,422,1604
Bo,1,102,102
Bo,5,1605,1605
Bo,6,2595,2595
Bo,14,487079,487079
Mave,13,2,16
Mave,14,113,1681
Rey,1,1,1
Rey,5,2,2
Rey,6,10,10
Rey,14,1603,1619
Tess,5,1,8
Tess,6,2,11
Tess,13,3,12
Tess,14,406,1577
Bo,1,561,561
Bo,5,396150,396150
Bo,6,403,403
Bo,14,71823,71823
Mave,2,2,12
Mave,3,1,3
Mave,4,1,6
Mave,5,93,1352
Mave,7,1,14
Mave,8,1,10
Mave,9,1,11
Mave,10,1,14
Mave,11,2,14
Mave,12,1,7
Mave,13,2,18
Mave,14,16,261
Rey,1,2,2
Rey,5,1335,1345
Rey,6,1,1
Rey,14,238,240
Tess,2,2,11
Tess,4,1,4
Tess,5,361,1387
Tess,6,1,2
Tess,7,3,8
Tess,8,4,10
Tess,9,1,4
Tess,10,6,16
Tess,11,1,8
Tess,12,1,9
Tess,13,4,15
Tess,14,66,254
Bo,1,917,917
Bo,5,13397,13397
Bo,6,1743,1743
Bo,14,450043,450043
Mave,5,1,52
Mave,10,3,33
Mave,11,4,22
Mave,13,2,29
Mave,14,92,1512
Rey,1,3,3
Rey,5,52,52
Rey,6,4,4
Rey,10,1,30
Rey,14,1480,1488
Tess,3,1,1
Tess,5,14,55
Tess,7,2,8
Tess,10,12,43
Tess,11,9,30
Tess,12,1,3
Tess,13,1,33
Tess,14,378,1503
Bo,1,206,206
Bo,5,2728,2728
Bo,6,8543,8543
Bo,14,482403,482403
Mave,6,2,25
Mave,14,111,1669
Rey,1,1,1
Rey,5,6,6
Rey,6,26,26
Rey,14,1597,1607
Tess,5,4,15
Tess,6,8,32
Tess,13,1,3
Tess,14,391,1556
Bo,1,10641,10641
Bo,5,305510,305510
Bo,6,6733,6733
Bo,14,164740,164740
Mave,1,6,35
Mave,2,1,4
Mave,5,64,1077
Mave,6,2,26
Mave,7,1,5
Mave,9,1,2
Mave,10,1,6
Mave,12,2,5
Mave,13,1,3
Mave,14,33,560
Rey,1,42,42
Rey,5,1039,1046
Rey,6,11,12
Rey,14,547,553
Tess,2,1,2
Tess,5,264,1096
Tess,6,5,21
Tess,7,1,6
Tess,9,1,3
Tess,14,139,559
Bo,1,1019,1019
Bo,5,61575,61575
Bo,6,7711,7711
Bo,14,419566,419566
Mave,1,1,4
Mave,5,7,212
Mave,14,113,1408
Rey,1,4,4
Rey,5,190,191
Rey,6,19,19
Rey,14,1404,1412
Tess,5,62,225
Tess,6,1,14
Tess,7,1,3
Tess,10,1,4
Tess,11,2,5
Tess,14,377,1425
Bo,1,1536,1536
Bo,5,25902,25902
Bo,6,29875,29875
Bo,14,429677,429677
Mave,1,1,5
Mave,5,2,85
Mave,6,5,137
Mave,13,3,33
Mave,14,85,1446
Rey,1,5,5
Rey,5,90,90
Rey,6,83,84
Rey,14,1422,1433
Tess,5,21,87
Tess,6,25,106
Tess,10,1,2
Tess,11,1,3
Tess,12,1,4
Tess,13,7,24
Tess,14,359,1373
Bo,1,31404,31404
Bo,5,342306,342306
Bo,6,12405,12405
Bo,14,78836,78836
Mave,1,7,102
Mave,2,1,15
Mave,3,1,4
Mave,4,1,6
Mave,5,77,1211
Mave,6,2,39
Mave,7,1,10
Mave,8,2,7
Mave,9,1,10
Mave,11,2,14
Mave,12,2,11
Mave,13,2,21
Mave,14,17,270
Rey,1,115,116
Rey,5,1156,1163
Rey,6,39,39
Rey,14,258,260
Tess,2,3,12
Tess,4,1,4
Tess,5,320,1218
Tess,6,7,35
Tess,7,2,8
Tess,8,3,10
Tess,9,1,4
Tess,10,8,14
Tess,11,2,5
Tess,12,3,14
Tess,13,4,15
Tess,14,77,280
Bo,1,5225,5225
Bo,5,139133,139133
Bo,6,31088,31088
Bo,14,284033,284033
Mave,3,1,1
Mave,5,37,491
Mave,6,5,106
Mave,7,1,34
Mave,8,1,2
Mave,10,3,34
Mave,11,3,18
Mave,13,3,38
Mave,14,60,931
Rey,1,19,19
Rey,5,465,466
Rey,6,100,100
Rey,10,1,35
Rey,14,918,922
Tess,5,126,483
Tess,6,18,93
Tess,7,8,31
Tess,10,10,39
Tess,11,4,26
Tess,13,9,33
Tess,14,232,961
Bo,1,116443,116443
Bo,5,109799,109799
Bo,6,113920,113920
Bo,14,149885,149885
Mave,1,29,385
Mave,5,23,377
Mave,6,33,416
Mave,9,1,3
Mave,10,1,3
Mave,14,32,509
Rey,1,386,388
Rey,5,368,371
Rey,6,382,384
Rey,14,485,486
Tess,4,1,2
Tess,5,88,371
Tess,6,92,376
Tess,9,1,1
Tess,13,4,9
Tess,14,134,514
Bo,1,133126,133126
Bo,5,182480,182480
Bo,6,58392,58392
Bo,14,112882,112882
Mave,1,31,455
Mave,2,2,6
Mave,5,40,651
Mave,6,13,199
Mave,12,1,4
Mave,14,37,404
Rey,1,424,427
Rey,5,617,622
Rey,6,220,223
Rey,14,377,379
Tess,3,1,2
Tess,5,167,652
Tess,6,64,209
Tess,8,2,2
Tess,9,1,4
Tess,11,2,5
Tess,13,1,3
Tess,14,88,367
Bo,1,88435,88435
Bo,5,143961,143961
Bo,6,104668,104668
Bo,14,151376,151376
Mave,1,17,329
Mave,5,33,478
Mave,6,21,353
Mave,11,1,7
Mave,14,42,491
Rey,1,305,306
Rey,5,462,463
Rey,6,356,358
Rey,14,485,487
Tess,2,1,2
Tess,5,116,506
Tess,6,93,351
Tess,10,1,5
Tess,11,1,7
Tess,14,114,480
Bo,1,328608,328608
Bo,5,70369,70369
Bo,6,59832,59832
Bo,14,27391,27391
Mave,1,64,1122
Mave,5,12,261
Mave,6,15,194
Mave,10,1,1
Mave,14,10,109
Rey,1,1096,1106
Rey,5,224,226
Rey,6,191,192
Rey,14,86,86
Tess,2,2,5
Tess,5,64,213
Tess,6,44,193
Tess,11,3,5
Tess,13,3,9
Tess,14,21,82
Bo,1,294355,294355
Bo,5,126800,126800
Bo,6,31017,31017
Bo,14,22387,22387
Mave,1,86,1008
Mave,4,1,4
Mave,5,34,436
Mave,6,18,139
Mave,7,1,5
Mave,8,1,7
Mave,9,2,6
Mave,11,1,9
Mave,12,1,3
Mave,14,5,84
Rey,1,997,1003
Rey,5,430,436
Rey,6,90,91
Rey,14,79,79
Tess,2,5,26
Tess,3,3,6
Tess,4,1,4
Tess,5,118,429
Tess,6,39,122
Tess,9,1,7
Tess,10,3,8
Tess,11,3,7
Tess,12,2,5
Tess,13,1,13
Tess,14,16,71
Bo,1,281952,281952
Bo,5,100098,100098
Bo,6,70599,70599
Bo,14,25912,25912
Mave,1,72,952
Mave,5,27,336
Mave,6,10,240
Mave,14,6,93
Rey,1,919,924
Rey,5,332,335
Rey,6,243,246
Rey,14,85,85
Tess,2,1,3
Tess,3,4,16
Tess,4,1,3
Tess,5,75,314
Tess,6,53,247
Tess,7,4,8
Tess,9,1,2
Tess,10,3,10
Tess,11,2,3
Tess,12,2,2
Tess,13,1,9
Tess,14,23,94
Bo,14,283,283
Mave,3,3,9
Mave,7,5,33
Mave,8,1,27
Mave,9,3,29
Mave,10,259,3490
Mave,11,10,111
Mave,12,778,10701
Mave,13,27820,393230
Mave,14,6325,87434
Rey,12,1,39
Rey,13,89,1300
Rey,14,23,297
Tess,12,9,40
Tess,13,323,1285
Tess,14,52,279
Bo,5,259,259
Bo,14,26,26
Mave,1,3,9
Mave,2,13519,188438
Mave,3,1,6
Mave,4,5609,77723
Mave,5,4935,71089
Mave,7,2226,30712
Mave,8,2266,32491
Mave,9,2277,32514
Mave,10,1032,15060
Mave,11,1135,15421
Mave,12,1165,15909
Mave,13,645,8848
Mave,14,472,6716
Rey,2,44,626
Rey,4,25,274
Rey,5,27,245
Rey,7,5,99
Rey,8,8,103
Rey,9,8,113
Rey,10,5,52
Rey,11,3,55
Rey,12,2,48
Rey,14,1,24
Tess,2,158,639
Tess,4,71,284
Tess,5,60,263
Tess,7,41,100
Tess,8,21,99
Tess,9,27,118
Tess,10,19,56
Tess,11,17,67
Tess,12,16,52
Tess,13,5,31
Tess,14,7,23
Bo,5,5,5
Bo,14,69,69
Mave,1,1,5
Mave,2,1,8
Mave,3,2,6
Mave,4,405,5378
Mave,5,178,2393
Mave,7,19181,270550
Mave,8,153,1825
Mave,9,137,2039
Mave,10,5618,79044
Mave,11,5636,78609
Mave,12,51,846
Mave,13,2463,33358
Mave,14,1505,20936
Rey,4,1,18
Rey,7,66,915
Rey,10,22,252
Rey,11,12,256
Rey,13,8,105
Rey,14,11,79
Tess,4,4,19
Tess,5,2,10
Tess,7,208,893
Tess,8,1,9
Tess,9,3,7
Tess,10,76,267
Tess,11,68,287
Tess,12,1,4
Tess,13,37,116
Tess,14,17,70
Bo,14,80,80
Mave,2,1,10
Mave,3,3,9
Mave,7,14,152
Mave,8,1,27
Mave,9,3,29
Mave,10,620,8701
Mave,11,24,397
Mave,12,1281,17581
Mave,13,31722,446022
Mave,14,1615,22145
Rey,10,1,30
Rey,12,6,67
Rey,13,112,1484
Rey,14,4,60
Tess,10,4,30
Tess,12,18,64
Tess,13,360,1442
Tess,14,15,73
Bo,5,86,86
Bo,14,1,1
Mave,1,3,9
Mave,2,31286,435738
Mave,3,1,7
Mave,4,1678,24035
Mave,5,1693,23239
Mave,7,211,3161
Mave,8,238,3490
Mave,9,215,3254
Mave,10,38,600
Mave,11,39,573
Mave,12,62,668
Mave,13,8,115
Mave,14,2,48
Rey,2,109,1481
Rey,4,2,72
Rey,5,4,91
Rey,7,1,11
Tess,2,371,1509
Tess,4,22,87
Tess,5,20,88
Tess,7,2,13
Tess,8,4,14
Tess,9,2,16
Tess,10,1,2
Tess,12,1,2
Bo,5,21,21
Bo,14,2,2
Mave,1,1,5
Mave,2,1,40
Mave,3,2,6
Mave,4,914,12575
Mave,5,528,7264
Mave,7,30269,427412
Mave,8,85,1187
Mave,9,85,1234
Mave,10,1382,19831
Mave,11,1498,20798
Mave,12,14,208
Mave,13,263,3434
Mave,14,83,1003
Rey,4,3,36
Rey,5,1,30
Rey,7,95,1430
Rey,8,1,4
Rey,10,6,57
Rey,11,4,70
Rey,13,2,11
Tess,4,10,43
Tess,5,9,36
Tess,7,350,1423
Tess,8,1,2
Tess,9,1,7
Tess,10,27,75
Tess,11,16,70
Tess,13,5,19
Bo,5,2,2
Bo,6,8,8
Bo,14,282,282
Mave,2,5,138
Mave,3,7,123
Mave,4,94,1310
Mave,5,76,1113
Mave,6,115,1491
Mave,7,701,9585
Mave,8,239,3668
Mave,9,545,7570
Mave,10,2728,37613
Mave,11,2923,40722
Mave,12,3791,52678
Mave,13,18221,257100
Mave,14,6002,81989
Rey,4,1,2
Rey,6,2,7
Rey,7,5,25
Rey,9,2,33
Rey,10,9,127
Rey,11,6,142
Rey,12,14,169
Rey,13,47,851
Rey,14,17,269
Tess,6,2,4
Tess,7,5,27
Tess,8,1,13
Tess,9,3,17
Tess,10,29,128
Tess,11,37,134
Tess,12,42,184
Tess,13,222,834
Tess,14,52,257
Bo,1,5,5
Bo,5,260,260
Bo,6,1,1
Bo,14,27,27
Mave,1,272,3536
Mave,2,13189,184529
Mave,3,150,1947
Mave,4,5475,76504
Mave,5,4897,70021
Mave,6,74,1125
Mave,7,2229,30618
Mave,8,2261,32419
Mave,9,2246,32119
Mave,10,1057,15116
Mave,11,1139,15423
Mave,12,1185,15977
Mave,13,644,8852
Mave,14,475,6754
Rey,1,2,12
Rey,2,45,607
Rey,3,1,9
Rey,4,25,280
Rey,5,26,240
Rey,7,5,95
Rey,8,8,100
Rey,9,8,108
Rey,10,8,58
Rey,11,4,57
Rey,12,3,46
Rey,14,1,25
Tess,2,159,629
Tess,3,1,4
Tess,4,68,274
Tess,5,61,262
Tess,7,38,99
Tess,8,23,99
Tess,9,29,122
Tess,10,20,54
Tess,11,16,65
Tess,12,15,51
Tess,13,4,32
Tess,14,7,25
Bo,5,84,84
Bo,6,3,3
Bo,14,63,63
Mave,1,9,83
Mave,2,290,4038
Mave,3,86,1008
Mave,4,1571,21616
Mave,5,1793,24930
Mave,6,41,628
Mave,7,15856,222618
Mave,8,669,9233
Mave,9,664,9400
Mave,10,5135,72482
Mave,11,5112,71200
Mave,12,337,4489
Mave,13,2423,32865
Mave,14,1488,20416
Rey,2,1,10
Rey,3,1,7
Rey,4,4,56
Rey,5,5,92
Rey,7,58,760
Rey,8,2,33
Rey,9,2,40
Rey,10,17,223
Rey,11,13,224
Rey,13,8,103
Rey,14,7,82
Tess,2,7,20
Tess,3,2,4
Tess,4,25,73
Tess,5,20,92
Tess,7,181,763
Tess,8,8,27
Tess,9,13,28
Tess,10,73,252
Tess,11,57,244
Tess,12,1,15
Tess,13,35,99
Tess,14,12,64
Bo,5,30,30
Bo,6,30,30
Bo,14,92,92
Mave,1,5,62
Mave,2,136,1890
Mave,3,106,1530
Mave,4,498,6716
Mave,5,795,10165
Mave,6,609,8807
Mave,7,1786,24768
Mave,8,844,11719
Mave,9,1827,25822
Mave,10,4122,57237
Mave,11,5093,70970
Mave,12,5413,76536
Mave,13,11864,169766
Mave,14,2200,29114
Rey,4,3,22
Rey,7,10,65
Rey,8,1,43
Rey,9,8,81
Rey,10,16,185
Rey,11,6,227
Rey,12,22,299
Rey,13,44,553
Rey,14,11,105
Tess,3,1,4
Tess,4,7,19
Tess,5,16,46
Tess,6,6,20
Tess,7,17,69
Tess,8,8,35
Tess,9,24,83
Tess,10,42,200
Tess,11,46,210
Tess,12,70,265
Tess,13,147,550
Tess,14,32,103
Bo,1,51,51
Bo,5,89,89
Bo,6,2,2
Bo,14,1,1
Mave,1,1182,16940
Mave,2,29489,411815
Mave,3,177,2511
Mave,4,1777,25036
Mave,5,1712,24128
Mave,6,22,428
Mave,7,253,3683
Mave,8,284,3936
Mave,9,250,3809
Mave,10,45,770
Mave,11,53,757
Mave,12,76,864
Mave,13,15,187
Mave,14,2,76
Rey,1,5,62
Rey,2,102,1397
Rey,4,3,76
Rey,5,6,99
Rey,6,1,2
Rey,7,1,12
Tess,2,352,1429
Tess,3,4,10
Tess,4,24,87
Tess,5,18,89
Tess,7,3,13
Tess,8,3,15
Tess,9,1,18
Tess,10,1,2
Tess,11,1,2
Tess,12,1,3
Bo,1,2,2
Bo,5,200,200
Bo,6,4,4
Bo,14,2,2
Mave,1,42,643
Mave,2,1140,15840
Mave,3,460,6524
Mave,4,3800,53686
Mave,5,4567,63287
Mave,6,136,1750
Mave,7,19580,276389
Mave,8,543,7097
Mave,9,539,7482
Mave,10,1882,26164
Mave,11,1859,26083
Mave,12,101,1470
Mave,13,456,6147
Mave,14,204,2444
Rey,2,2,44
Rey,3,2,17
Rey,4,13,187
Rey,5,17,228
Rey,7,54,917
Rey,9,1,24
Rey,10,8,88
Rey,11,8,79
Rey,12,2,5
Rey,13,4,16
Tess,2,12,45
Tess,3,5,15
Tess,4,40,163
Tess,5,57,245
Tess,6,1,3
Tess,7,221,949
Tess,8,7,25
Tess,9,6,20
Tess,10,31,97
Tess,11,21,77
Tess,13,6,30
Tess,14,1,8
Bo,1,163,163
Bo,5,147,147
Bo,6,132,132
Bo,14,61,61
Mave,1,3376,47250
Mave,2,3502,46781
Mave,3,3073,41958
Mave,4,2701,38594
Mave,5,3246,45191
Mave,6,2504,35444
Mave,7,2531,35196
Mave,8,2279,31259
Mave,9,2876,39876
Mave,10,2015,28356
Mave,11,2435,32406
Mave,12,2242,30075
Mave,13,1829,25664
Mave,14,1136,17052
Rey,1,16,146
Rey,2,10,166
Rey,3,9,143
Rey,4,6,122
Rey,5,19,154
Rey,6,4,120
Rey,7,8,96
Rey,8,11,103
Rey,9,10,142
Rey,10,7,104
Rey,11,4,105
Rey,12,10,105
Rey,13,10,80
Rey,14,8,57
Tess,2,32,156
Tess,3,27,136
Tess,4,27,127
Tess,5,48,154
Tess,6,26,107
Tess,7,19,90
Tess,8,24,106
Tess,9,39,123
Tess,10,22,95
Tess,11,26,113
Tess,12,19,86
Tess,13,22,86
Tess,14,21,60
Bo,1,199,199
Bo,5,185,185
Bo,6,63,63
Bo,14,25,25
Mave,1,4279,60681
Mave,2,9653,133905
Mave,3,2112,30412
Mave,4,4295,60029
Mave,5,3913,54682
Mave,6,1142,16094
Mave,7,1928,26138
Mave,8,1965,27652
Mave,9,1997,27635
Mave,10,958,13885
Mave,11,975,14092
Mave,12,1048,14426
Mave,13,635,8624
Mave,14,460,6685
Rey,1,12,219
Rey,2,27,466
Rey,3,5,98
Rey,4,16,186
Rey,5,15,201
Rey,6,5,59
Rey,7,4,74
Rey,8,5,91
Rey,9,4,82
Rey,10,3,45
Rey,11,1,41
Rey,12,8,50
Rey,13,2,36
Rey,14,3,27
Tess,2,108,480
Tess,3,22,102
Tess,4,55,207
Tess,5,53,194
Tess,6,14,46
Tess,7,34,94
Tess,8,22,83
Tess,9,13,80
Tess,10,14,58
Tess,11,16,52
Tess,12,11,43
Tess,13,7,28
Tess,14,4,24
Bo,1,137,137
Bo,5,201,201
Bo,6,78,78
Bo,14,32,32
Mave,1,3141,43670
Mave,2,4124,57721
Mave,3,3597,49826
Mave,4,4042,56811
Mave,5,4039,57260
Mave,6,1847,25422
Mave,7,3726,52720
Mave,8,1902,26928
Mave,9,2035,28321
Mave,10,1938,26705
Mave,11,1927,27095
Mave,12,1084,15032
Mave,13,1140,15908
Mave,14,842,11587
Rey,1,4,120
Rey,2,13,177
Rey,3,9,164
Rey,4,22,190
Rey,5,24,220
Rey,6,3,99
Rey,7,13,162
Rey,8,5,79
Rey,9,5,111
Rey,10,11,97
Rey,11,2,77
Rey,12,4,56
Rey,13,3,62
Tess,2,55,196
Tess,3,47,170
Tess,4,49,180
Tess,5,51,210
Tess,6,24,93
Tess,7,38,177
Tess,8,17,90
Tess,9,18,90
Tess,10,21,100
Tess,11,31,98
Tess,12,15,51
Tess,13,11,52
Tess,14,8,32
Bo,1,783,783
Bo,5,92,92
Bo,6,70,70
Bo,14,4,4
Mave,1,17186,239973
Mave,2,5282,75240
Mave,3,4653,64886
Mave,4,1529,22156
Mave,5,2005,27643
Mave,6,1555,21239
Mave,7,618,9544
Mave,8,607,8092
Mave,9,772,11202
Mave,10,301,4036
Mave,11,320,4369
Mave,12,298,4009
Mave,13,144,1979
Mave,14,53,734
Rey,1,50,797
Rey,2,21,260
Rey,3,10,207
Rey,4,4,82
Rey,5,11,83
Rey,6,2,62
Rey,7,2,35
Rey,8,3,24
Rey,9,3,40
Rey,11,1,21
Rey,12,3,19
Tess,2,58,243
Tess,3,56,223
Tess,4,23,75
Tess,5,18,83
Tess,6,12,54
Tess,7,14,29
Tess,8,4,29
Tess,9,11,37
Tess,10,5,12
Tess,11,4,15
Tess,12,6,11
Tess,13,2,6
Tess,14,1,3
Bo,1,756,756
Bo,5,90,90
Bo,6,15,15
Mave,1,16648,232742
Mave,2,11789,164845
Mave,3,1916,26560
Mave,4,1672,23980
Mave,5,1644,22988
Mave,6,377,4859
Mave,7,393,4861
Mave,8,338,4721
Mave,9,344,5145
Mave,10,82,1224
Mave,11,86,1220
Mave,12,88,1264
Mave,13,31,369
Mave,14,12,162
Rey,1,65,775
Rey,2,39,583
Rey,3,6,90
Rey,4,8,73
Rey,5,5,81
Rey,6,1,14
Rey,9,3,28
Rey,10,1,5
Tess,2,146,591
Tess,3,29,101
Tess,4,16,76
Tess,5,14,77
Tess,6,7,17
Tess,7,4,20
Tess,8,3,14
Tess,9,1,16
Tess,10,2,5
Tess,12,2,3
Tess,13,1,1
Bo,1,696,696
Bo,5,101,101
Bo,6,58,58
Bo,14,3,3
Mave,1,15037,211063
Mave,2,6539,91337
Mave,3,5223,75966
Mave,4,2164,31149
Mave,5,2509,34506
Mave,6,962,14047
Mave,7,975,13451
Mave,8,445,6497
Mave,9,540,7017
Mave,10,231,3389
Mave,11,234,3542
Mave,12,110,1583
Mave,13,96,1064
Mave,14,23,395
Rey,1,55,702
Rey,2,15,287
Rey,3,18,250
Rey,4,9,99
Rey,5,10,140
Rey,6,3,38
Rey,7,3,51
Rey,8,1,24
Rey,9,3,17
Rey,10,1,16
Rey,11,1,11
Rey,12,1,5
Tess,2,74,310
Tess,3,53,224
Tess,4,19,106
Tess,5,38,132
Tess,6,17,61
Tess,7,16,52
Tess,8,3,17
Tess,9,4,24
Tess,11,1,12
Tess,12,1,4
Bo,6,4,4
Bo,14,1190,1190
Mave,4,1,3
Mave,6,1,8
Mave,8,1,3
Mave,9,1,4
Mave,10,1,7
Mave,13,26,341
Mave,14,91,1323
Rey,4,55,1330
Rey,6,168,1798
Rey,7,205,830
Rey,8,279,691
Rey,9,432,1505
Rey,10,626,4040
Rey,11,80,1389
Rey,12,611,5303
Rey,13,10271,104441
Rey,14,151039,373359
Tess,7,1,2
Tess,8,2,6
Tess,9,1,8
Tess,10,7,20
Tess,11,1,7
Tess,12,7,25
Tess,13,85,358
Tess,14,305,1251
Bo,1,1,1
Bo,5,680,680
Bo,6,1,1
Bo,14,66,66
Mave,2,46,480
Mave,4,9,148
Mave,5,50,694
Mave,7,7,67
Mave,8,7,69
Mave,9,4,66
Mave,11,2,41
Mave,12,3,45
Mave,13,1,23
Mave,14,4,56
Rey,1,198,348
Rey,2,15793,130239
Rey,4,4968,41787
Rey,5,88663,202501
Rey,6,218,221
Rey,7,2654,21599
Rey,8,1576,19133
Rey,9,1464,17879
Rey,10,657,9035
Rey,11,1538,12965
Rey,12,1309,14720
Rey,13,831,9092
Rey,14,7965,15463
Tess,2,103,418
Tess,4,37,129
Tess,5,153,633
Tess,7,19,71
Tess,8,10,58
Tess,9,16,70
Tess,10,5,28
Tess,11,12,48
Tess,12,10,54
Tess,13,7,23
Tess,14,21,56
Bo,1,4,4
Bo,5,22,22
Bo,6,2,2
Bo,14,463,463
Mave,4,2,12
Mave,7,21,360
Mave,9,1,7
Mave,10,17,330
Mave,11,16,259
Mave,13,12,223
Mave,14,20,438
Rey,1,300,457
Rey,4,852,3426
Rey,5,2219,5969
Rey,6,265,610
Rey,7,11217,106135
Rey,8,247,1283
Rey,9,62,2606
Rey,10,9343,96396
Rey,11,7393,79503
Rey,12,124,1113
Rey,13,5181,67041
Rey,14,55483,129893
Tess,4,3,10
Tess,5,4,20
Tess,6,1,5
Tess,7,90,377
Tess,8,1,4
Tess,9,2,8
Tess,10,72,310
Tess,11,74,281
Tess,12,2,8
Tess,13,51,209
Tess,14,108,439
Bo,6,4,4
Bo,14,777,777
Mave,4,1,3
Mave,6,1,8
Mave,8,1,3
Mave,9,1,4
Mave,10,1,9
Mave,13,61,764
Mave,14,58,886
Rey,4,55,1329
Rey,6,168,1834
Rey,7,205,844
Rey,8,279,755
Rey,9,432,1502
Rey,10,267,3940
Rey,11,80,1493
Rey,12,880,8384
Rey,13,25143,223406
Rey,14,101647,251195
Tess,7,1,2
Tess,8,2,6
Tess,9,1,8
Tess,10,6,17
Tess,11,1,7
Tess,12,7,32
Tess,13,195,758
Tess,14,211,847
Bo,1,1,1
Bo,5,438,438
Bo,6,1,1
Bo,14,1,1
Mave,2,81,1098
Mave,4,3,59
Mave,5,32,462
Mave,7,3,32
Mave,8,3,36
Mave,9,1,19
Mave,12,1,7
Rey,1,198,353
Rey,2,32623,318952
Rey,4,1926,21308
Rey,5,55488,127573
Rey,6,218,219
Rey,7,691,6317
Rey,8,1121,10099
Rey,9,473,4033
Rey,11,606,3186
Rey,12,199,1717
Rey,14,95,269
Tess,2,234,1008
Tess,4,12,63
Tess,5,115,422
Tess,7,4,21
Tess,8,8,36
Tess,9,7,21
Tess,11,5,11
Bo,1,4,4
Bo,5,50,50
Bo,6,2,2
Bo,14,100,100
Mave,2,1,2
Mave,4,4,50
Mave,5,1,60
Mave,7,61,819
Mave,10,17,278
Mave,11,20,283
Mave,13,9,96
Mave,14,5,76
Rey,1,300,462
Rey,2,12,1274
Rey,4,1121,14266
Rey,5,5633,14575
Rey,6,265,605
Rey,7,24909,240437
Rey,8,58,786
Rey,9,2,1125
Rey,10,10105,88940
Rey,11,8618,80293
Rey,12,73,319
Rey,13,2133,29030
Rey,14,10568,22775
Tess,4,11,50
Tess,5,16,56
Tess,6,1,5
Tess,7,213,809
Tess,9,1,3
Tess,10,82,314
Tess,11,71,247
Tess,12,1,1
Tess,13,16,101
Tess,14,17,79
Bo,5,11,11
Bo,6,14,14
Bo,14,1047,1047
Mave,4,1,7
Mave,6,3,24
Mave,7,1,17
Mave,8,2,6
Mave,9,4,16
Mave,10,3,31
Mave,11,2,37
Mave,13,30,386
Mave,14,70,1132
Rey,4,55,1753
Rey,5,743,2476
Rey,6,1121,5615
Rey,7,744,4088
Rey,8,567,2008
Rey,9,986,4269
Rey,10,1120,10132
Rey,11,662,11422
Rey,12,1523,13905
Rey,13,13053,120196
Rey,14,128478,318496
Tess,5,2,10
Tess,6,2,18
Tess,7,4,11
Tess,8,5,10
Tess,9,4,19
Tess,10,9,33
Tess,11,8,45
Tess,12,12,40
Tess,13,95,416
Tess,14,255,1075
Bo,1,26,26
Bo,5,669,669
Bo,6,10,10
Bo,14,71,71
Mave,1,1,28
Mave,2,38,437
Mave,3,1,6
Mave,4,10,147
Mave,5,47,687
Mave,7,7,63
Mave,8,9,80
Mave,9,4,67
Mave,11,2,39
Mave,12,1,40
Mave,13,1,24
Mave,14,4,58
Rey,1,2869,8101
Rey,2,14085,121481
Rey,3,76,1478
Rey,4,5378,41385
Rey,5,88052,199379
Rey,6,1658,2616
Rey,7,2654,20344
Rey,8,2217,21563
Rey,9,1669,17597
Rey,10,748,9422
Rey,11,1397,12376
Rey,12,1096,14080
Rey,13,831,8867
Rey,14,8605,16301
Tess,2,92,383
Tess,4,37,126
Tess,5,155,627
Tess,7,19,71
Tess,8,13,69
Tess,9,16,71
Tess,10,6,29
Tess,11,10,45
Tess,12,11,57
Tess,13,7,22
Tess,14,23,60
Bo,1,3,3
Bo,5,196,196
Bo,6,21,21
Bo,14,370,370
Mave,4,5,44
Mave,5,10,205
Mave,7,28,333
Mave,8,2,23
Mave,9,2,21
Mave,10,12,224
Mave,11,12,215
Mave,12,1,10
Mave,13,11,209
Mave,14,19,352
Rey,1,237,434
Rey,2,472,4783
Rey,3,36,1777
Rey,4,2732,13450
Rey,5,22736,54235
Rey,6,2708,5229
Rey,7,11438,104194
Rey,8,1463,7992
Rey,9,533,5379
Rey,10,6155,65299
Rey,11,6584,65784
Rey,12,865,4492
Rey,13,5513,59672
Rey,14,43723,102198
Tess,2,5,15
Tess,3,1,10
Tess,4,16,49
Tess,5,52,193
Tess,6,6,25
Tess,7,87,327
Tess,8,9,25
Tess,9,7,22
Tess,10,49,214
Tess,11,62,212
Tess,12,6,22
Tess,13,57,218
Tess,14,82,343
Bo,5,61,61
Bo,6,66,66
Bo,14,343,343
Mave,2,1,2
Mave,3,1,14
Mave,4,3,30
Mave,5,4,82
Mave,6,9,89
Mave,7,3,60
Mave,9,2,38
Mave,10,7,78
Mave,11,8,128
Mave,12,11,189
Mave,13,33,622
Mave,14,25,356
Rey,2,37,1301
Rey,3,103,3340
Rey,4,684,7244
Rey,5,7695,20310
Rey,6,7922,21745
Rey,7,2022,15524
Rey,8,653,7656
Rey,9,1506,10410
Rey,10,2958,27415
Rey,11,2931,35720
Rey,12,4919,52559
Rey,13,21126,184388
Rey,14,44465,107370
Tess,3,1,13
Tess,4,5,22
Tess,5,12,56
Tess,6,24,81
Tess,7,10,47
Tess,8,6,29
Tess,9,9,31
Tess,10,22,93
Tess,11,32,132
Tess,12,32,161
Tess,13,179,644
Tess,14,79,374
Bo,1,68,68
Bo,5,408,408
Bo,6,3,3
Bo,14,1,1
Mave,1,4,63
Mave,2,71,1075
Mave,4,3,63
Mave,5,34,424
Mave,7,3,32
Mave,8,3,30
Mave,9,1,17
Rey,1,7224,19229
Rey,2,29175,310673
Rey,3,61,3439
Rey,4,1858,18437
Rey,5,51236,117482
Rey,6,424,1173
Rey,7,651,6357
Rey,8,898,9805
Rey,9,473,4200
Rey,11,293,1947
Rey,14,95,297
Tess,2,215,960
Tess,3,1,10
Tess,4,12,56
Tess,5,102,388
Tess,7,3,21
Tess,8,10,37
Tess,9,7,22
Tess,11,3,9
Bo,1,9,9
Bo,5,379,379
Bo,6,37,37
Bo,14,22,22
Mave,2,2,25
Mave,3,7,63
Mave,4,7,141
Mave,5,21,366
Mave,7,43,612
Mave,8,1,10
Mave,9,2,17
Mave,10,8,183
Mave,11,6,140
Mave,13,3,44
Mave,14,2,35
Rey,1,559,1693
Rey,2,754,9720
Rey,3,1852,17951
Rey,4,4580,41500
Rey,5,45908,100357
Rey,6,6000,10555
Rey,7,19866,195854
Rey,8,68,3504
Rey,9,675,5273
Rey,10,6155,46866
Rey,11,4364,41558
Rey,12,227,1206
Rey,13,1011,11084
Rey,14,2363,7797
Tess,2,10,38
Tess,3,11,63
Tess,4,35,153
Tess,5,98,341
Tess,6,16,42
Tess,7,167,635
Tess,9,10,29
Tess,10,51,166
Tess,11,32,129
Tess,12,3,7
Tess,13,6,33
Tess,14,5,25
Bo,1,329,329
Bo,5,186,186
Bo,6,208,208
Bo,14,79,79
Mave,1,23,353
Mave,2,12,127
Mave,3,12,147
Mave,4,7,81
Mave,5,18,218
Mave,6,23,250
Mave,7,6,70
Mave,8,3,51
Mave,9,5,52
Mave,10,8,69
Mave,11,6,70
Mave,12,2,58
Mave,13,6,83
Mave,14,7,81
Rey,1,33598,103188
Rey,2,5246,42262
Rey,3,4696,44996
Rey,4,1565,21663
Rey,5,23850,58797
Rey,6,30049,68484
Rey,7,2384,19227
Rey,8,875,17847
Rey,9,1652,15861
Rey,10,2702,16398
Rey,11,2731,20815
Rey,12,1602,18907
Rey,13,2518,22679
Rey,14,9582,23892
Tess,2,42,156
Tess,3,42,170
Tess,4,19,60
Tess,5,48,210
Tess,6,61,249
Tess,7,17,65
Tess,8,8,49
Tess,9,11,53
Tess,10,12,39
Tess,11,19,77
Tess,12,16,72
Tess,13,14,61
Tess,14,20,91
Bo,1,408,408
Bo,5,283,283
Bo,6,74,74
Bo,14,36,36
Mave,1,30,409
Mave,2,30,387
Mave,3,9,128
Mave,4,3,97
Mave,5,20,290
Mave,6,3,91
Mave,7,2,38
Mave,8,3,54
Mave,9,7,58
Mave,10,5,45
Mave,11,4,36
Mave,12,1,36
Mave,13,1,25
Mave,14,4,37
Rey,1,44277,117592
Rey,2,12637,111708
Rey,3,3204,32530
Rey,4,3043,30860
Rey,5,34403,82196
Rey,6,10056,24374
Rey,7,1344,11937
Rey,8,1048,16203
Rey,9,1753,16716
Rey,10,2422,12398
Rey,11,1041,11447
Rey,12,605,9101
Rey,13,1350,8984
Rey,14,3930,8944
Tess,2,100,386
Tess,3,28,102
Tess,4,27,114
Tess,5,62,238
Tess,6,22,68
Tess,7,6,35
Tess,8,14,61
Tess,9,15,53
Tess,10,11,33
Tess,11,15,46
Tess,12,5,27
Tess,13,7,29
Tess,14,5,27
Bo,1,336,336
Bo,5,304,304
Bo,6,147,147
Bo,14,66,66
Mave,1,28,333
Mave,2,13,151
Mave,3,14,183
Mave,4,8,107
Mave,5,17,252
Mave,6,7,136
Mave,7,7,129
Mave,8,5,70
Mave,9,7,52
Mave,10,7,83
Mave,11,5,47
Mave,12,1,29
Mave,13,3,41
Mave,14,3,59
Rey,1,37256,100439
Rey,2,4284,43201
Rey,3,4215,61817
Rey,4,3480,30127
Rey,5,35301,81994
Rey,6,18806,43171
Rey,7,2870,34180
Rey,8,1103,17753
Rey,9,1903,13687
Rey,10,2409,19755
Rey,11,2177,16591
Rey,12,224,6294
Rey,13,376,9636
Rey,14,6801,16273
Tess,2,37,148
Tess,3,46,204
Tess,4,27,108
Tess,5,59,287
Tess,6,44,164
Tess,7,25,104
Tess,8,9,45
Tess,9,20,68
Tess,10,21,66
Tess,11,20,62
Tess,12,2,21
Tess,13,3,27
Tess,14,12,53
Bo,1,972,972
Bo,5,87,87
Bo,6,79,79
Bo,14,1,1
Mave,1,74,1063
Mave,2,17,174
Mave,3,16,185
Mave,4,1,33
Mave,5,8,85
Mave,6,1,80
Mave,7,2,18
Mave,8,2,23
Mave,9,2,15
Mave,11,2,11
Rey,1,98968,308705
Rey,2,5934,46606
Rey,3,6284,55671
Rey,4,840,9911
Rey,5,11231,24118
Rey,6,10376,23297
Rey,7,388,4424
Rey,8,815,6351
Rey,9,1124,4750
Rey,10,390,3703
Rey,11,419,3096
Rey,12,73,2248
Rey,14,531,917
Tess,2,41,147
Tess,3,50,187
Tess,4,6,37
Tess,5,15,64
Tess,6,26,86
Tess,7,3,13
Tess,8,6,16
Tess,9,6,19
Tess,10,2,9
Tess,11,5,13
Tess,12,1,11
Tess,14,2,4
Bo,1,1023,1023
Bo,5,96,96
Bo,6,23,23
Mave,1,76,1005
Mave,2,27,456
Mave,3,2,79
Mave,4,1,24
Mave,5,10,106
Mave,6,1,20
Mave,8,2,15
Mave,11,1,2
Rey,1,111543,297361
Rey,2,11771,117628
Rey,3,3219,24169
Rey,4,1060,8752
Rey,5,13056,28551
Rey,6,3147,6911
Rey,7,385,3825
Rey,8,255,3096
Rey,9,96,2509
Rey,11,86,724
Tess,2,86,381
Tess,3,22,75
Tess,4,8,31
Tess,5,28,76
Tess,6,3,23
Tess,7,4,16
Tess,9,1,11
Tess,11,1,5
Bo,1,970,970
Bo,5,143,143
Bo,6,35,35
Mave,1,71,942
Mave,2,13,205
Mave,3,14,215
Mave,4,4,45
Mave,5,11,142
Mave,6,2,40
Mave,8,1,27
Mave,9,1,6
Mave,12,1,7
Rey,1,95908,277996
Rey,2,5083,62302
Rey,3,4943,64758
Rey,4,1217,15440
Rey,5,20152,41334
Rey,6,4858,11341
Rey,7,463,6742
Rey,8,297,6919
Rey,9,164,1849
Rey,10,460,2159
Rey,11,59,1623
Rey,12,186,1427
Rey,13,10,659
Rey,14,136,369
Tess,2,48,212
Tess,3,59,226
Tess,4,10,47
Tess,5,44,140
Tess,6,13,42
Tess,7,4,11
Tess,8,3,12
Tess,9,2,8
Tess,10,6,10
Tess,11,1,4
Tess,12,2,6
Tess,14,1,3
Bo,6,2,2
Bo,14,1101,1101
Mave,4,1,5
Mave,8,1,8
Mave,10,4,12
Mave,11,4,15
Mave,12,3,41
Mave,13,24,449
Mave,14,94,1164
Rey,3,2,3
Rey,4,1,5
Rey,7,3,7
Rey,9,1,5
Rey,10,2,9
Rey,11,6,15
Rey,12,4,40
Rey,13,109,432
Rey,14,312,1123
Tess,2,7,38
Tess,3,58,211
Tess,4,371,1553
Tess,5,4,21
Tess,6,42,184
Tess,7,613,2513
Tess,8,548,2136
Tess,9,443,1648
Tess,10,885,3580
Tess,11,1080,4346
Tess,12,2673,10900
Tess,13,32394,129673
Tess,14,84425,338255
Bo,5,749,749
Bo,14,1,1
Mave,2,45,671
Mave,4,7,118
Mave,5,62,768
Mave,7,11,172
Rey,2,167,675
Rey,4,23,112
Rey,5,180,734
Rey,7,33,148
Rey,8,1,1
Tess,2,47368,188121
Tess,3,3,8
Tess,4,9264,37121
Tess,5,55749,224141
Tess,7,11082,44478
Tess,8,54,211
Tess,9,55,217
Tess,10,30,106
Tess,11,31,130
Tess,12,25,105
Tess,13,37,135
Tess,14,30,110
Bo,5,24,24
Bo,14,419,419
Mave,5,4,27
Mave,7,35,457
Mave,8,2,15
Mave,10,21,304
Mave,11,14,242
Mave,12,2,4
Mave,13,19,213
Mave,14,22,385
Rey,2,1,1
Rey,4,1,14
Rey,5,3,21
Rey,7,110,488
Rey,8,1,10
Rey,10,82,307
Rey,11,58,244
Rey,13,61,200
Rey,14,100,352
Tess,2,145,512
Tess,3,20,91
Tess,4,1213,4921
Tess,5,1418,5473
Tess,6,2,21
Tess,7,34057,136745
Tess,8,620,2562
Tess,9,347,1369
Tess,10,23387,92778
Tess,11,18569,74687
Tess,12,466,1836
Tess,13,16112,64258
Tess,14,27313,109690
Bo,5,2,2
Bo,6,2,2
Bo,14,606,606
Mave,7,2,13
Mave,10,5,20
Mave,11,3,10
Mave,12,5,41
Mave,13,66,938
Mave,14,39,655
Rey,3,1,3
Rey,4,2,4
Rey,7,5,10
Rey,8,2,10
Rey,9,1,5
Rey,10,3,20
Rey,11,3,11
Rey,12,4,39
Rey,13,224,915
Rey,14,163,624
Tess,2,159,602
Tess,3,47,231
Tess,4,263,1079
Tess,5,46,173
Tess,6,111,487
Tess,7,889,3482
Tess,8,996,3882
Tess,9,443,1648
Tess,10,1651,6573
Tess,11,654,2658
Tess,12,2703,10949
Tess,13,67442,270463
Tess,14,48225,192830
Bo,5,490,490
Mave,2,78,1130
Mave,4,2,37
Mave,5,40,537
Mave,7,2,26
Rey,2,269,1100
Rey,4,6,30
Rey,5,133,526
Rey,7,9,19
Tess,2,82166,330676
Tess,3,3,8
Tess,4,3064,12412
Tess,5,36751,146017
Tess,7,1435,5623
Tess,8,6,24
Tess,9,11,31
Tess,10,12,34
Tess,11,13,47
Tess,12,1,6
Bo,5,35,35
Bo,14,84,84
Mave,2,1,2
Mave,4,4,60
Mave,7,61,981
Mave,8,2,7
Mave,10,24,298
Mave,11,10,145
Mave,13,11,80
Mave,14,6,55
Rey,2,2,5
Rey,4,9,45
Rey,5,6,33
Rey,7,239,976
Rey,10,84,304
Rey,11,27,125
Rey,13,22,89
Rey,14,11,56
Tess,2,338,1275
Tess,3,137,531
Tess,4,4228,17443
Tess,5,2271,9234
Tess,6,2,20
Tess,7,71755,286890
Tess,8,295,1255
Tess,9,259,1054
Tess,10,23261,93036
Tess,11,9755,39278
Tess,12,129,548
Tess,13,6793,27414
Tess,14,4257,16964
Bo,1,6,6
Bo,5,96,96
Bo,6,102,102
Bo,14,611,611
Mave,2,2,14
Mave,3,1,18
Mave,4,2,23
Mave,5,8,100
Mave,6,10,124
Mave,7,12,164
Mave,8,10,114
Mave,9,1,25
Mave,10,6,58
Mave,11,5,60
Mave,12,3,46
Mave,13,24,336
Mave,14,47,626
Rey,2,4,13
Rey,3,5,20
Rey,4,5,23
Rey,5,23,94
Rey,6,21,90
Rey,7,41,142
Rey,8,31,107
Rey,9,10,25
Rey,10,11,53
Rey,11,9,58
Rey,12,12,48
Rey,13,78,334
Rey,14,166,634
Tess,2,859,3394
Tess,3,1111,4478
Tess,4,1550,6210
Tess,5,7997,31911
Tess,6,7833,31192
Tess,7,12205,48601
Tess,8,7975,31456
Tess,9,1470,5735
Tess,10,4206,16843
Tess,11,3951,15808
Tess,12,3324,13444
Tess,13,24646,98251
Tess,14,46684,186878
Bo,1,37,37
Bo,5,576,576
Bo,14,2,2
Mave,1,5,44
Mave,2,56,795
Mave,3,1,13
Mave,4,11,152
Mave,5,47,581
Mave,7,10,142
Mave,12,1,1
Rey,2,184,797
Rey,3,3,11
Rey,4,30,146
Rey,5,139,567
Rey,7,26,111
Rey,8,1,1
Tess,2,57755,229094
Tess,3,683,2802
Tess,4,11330,45274
Tess,5,42919,171559
Tess,6,7,35
Tess,7,8394,33617
Tess,8,43,186
Tess,9,41,190
Tess,10,30,105
Tess,11,33,132
Tess,12,30,127
Tess,13,27,109
Tess,14,25,102
Bo,1,1,1
Bo,5,201,201
Bo,6,37,37
Bo,14,61,61
Mave,2,3,26
Mave,3,1,42
Mave,4,7,141
Mave,5,10,181
Mave,6,7,49
Mave,7,64,791
Mave,8,5,73
Mave,9,1,14
Mave,10,3,98
Mave,11,5,92
Mave,13,8,77
Mave,14,6,67
Rey,2,9,35
Rey,3,6,31
Rey,4,30,126
Rey,5,52,177
Rey,6,8,45
Rey,7,197,788
Rey,8,23,98
Rey,9,5,20
Rey,10,17,79
Rey,11,22,111
Rey,12,4,13
Rey,13,19,59
Rey,14,19,63
Tess,2,2790,11214
Tess,3,2885,11531
Tess,4,10478,41925
Tess,5,12573,50901
Tess,6,3536,13899
Tess,7,58650,235272
Tess,8,6473,26177
Tess,9,1083,4346
Tess,10,6140,24575
Tess,11,7117,28594
Tess,12,889,3693
Tess,13,5727,22839
Tess,14,4983,19673
Bo,1,55,55
Bo,5,250,250
Bo,6,167,167
Bo,14,133,133
Mave,1,1,57
Mave,2,7,71
Mave,3,7,87
Mave,4,10,126
Mave,5,18,267
Mave,6,12,185
Mave,7,15,220
Mave,8,7,86
Mave,9,1,29
Mave,10,6,49
Mave,11,8,91
Mave,12,5,101
Mave,13,15,202
Mave,14,3,139
Rey,2,24,67
Rey,3,12,69
Rey,4,21,103
Rey,5,69,253
Rey,6,47,180
Rey,7,57,198
Rey,8,26,71
Rey,9,7,28
Rey,10,21,71
Rey,11,22,88
Rey,12,32,127
Rey,13,47,210
Rey,14,38,124
Tess,2,4927,19233
Tess,3,5240,20906
Tess,4,8454,33684
Tess,5,20367,81467
Tess,6,13229,53149
Tess,7,15961,62931
Tess,8,6372,25339
Tess,9,1884,7456
Tess,10,4194,16615
Tess,11,6438,25999
Tess,12,8502,33567
Tess,13,14988,59605
Tess,14,9125,36637
Bo,1,99,99
Bo,5,273,273
Mave,1,4,88
Mave,2,91,1288
Mave,4,2,49
Mave,5,17,287
Mave,7,1,16
Rey,2,281,1217
Rey,3,1,3
Rey,4,11,45
Rey,5,82,293
Rey,7,6,15
Tess,2,91659,368050
Tess,3,301,1217
Tess,4,3449,13871
Tess,5,20575,81301
Tess,6,2,8
Tess,7,777,3161
Tess,8,5,20
Tess,9,11,34
Tess,10,4,14
Tess,11,7,24
Tess,12,1,6
Bo,1,6,6
Bo,5,331,331
Bo,6,53,53
Mave,2,5,82
Mave,3,11,160
Mave,4,19,276
Mave,5,24,306
Mave,6,3,42
Mave,7,52,728
Mave,8,1,30
Mave,10,4,30
Mave,11,2,8
Rey,2,16,64
Rey,3,34,162
Rey,4,56,257
Rey,5,78,285
Rey,6,9,46
Rey,7,164,739
Rey,8,4,23
Rey,10,4,34
Rey,11,3,13
Rey,13,2,4
Tess,2,6558,25808
Tess,3,12192,48609
Tess,4,20679,82845
Tess,5,20866,82699
Tess,6,3172,12823
Tess,7,54539,217108
Tess,8,1594,6353
Tess,9,43,195
Tess,10,2525,10157
Tess,11,1054,4115
Tess,12,6,26
Tess,13,382,1592
Tess,14,34,170
Bo,1,678,678
Bo,5,7,7
Bo,6,3,3
Mave,1,56,746
Mave,2,31,422
Mave,3,30,386
Mave,4,14,147
Rey,1,5,727
Rey,2,99,411
Rey,3,105,381
Rey,4,31,118
Rey,6,1,4
Tess,2,30197,120792
Tess,3,29253,116578
Tess,4,9795,38727
Tess,5,292,1115
Tess,6,309,1129
Tess,7,94,396
Tess,8,75,308
Tess,9,69,257
Tess,10,37,135
Tess,11,41,143
Tess,12,16,88
Tess,13,42,167
Tess,14,40,164
Bo,1,582,582
Bo,5,7,7
Mave,1,48,594
Mave,2,45,875
Mave,3,9,133
Mave,4,6,126
Rey,1,1,588
Rey,2,198,827
Rey,3,27,116
Rey,4,41,137
Rey,5,1,2
Tess,2,60413,240683
Tess,3,9704,38860
Tess,4,9975,40217
Tess,5,245,1082
Tess,6,55,203
Tess,7,50,197
Tess,8,43,143
Tess,9,24,85
Tess,10,23,72
Tess,11,16,76
Tess,12,9,48
Tess,13,9,34
Tess,14,14,58
Bo,1,604,604
Bo,5,9,9
Bo,6,4,4
Mave,1,41,583
Mave,2,32,479
Mave,3,44,425
Mave,4,9,173
Mave,5,1,5
Rey,1,1,582
Rey,2,115,457
Rey,3,121,428
Rey,4,39,166
Rey,5,1,4
Rey,6,1,3
Rey,11,1,1
Tess,2,33608,135120
Tess,3,32135,129140
Tess,4,14009,56071
Tess,5,358,1406
Tess,6,179,700
Tess,7,131,548
Tess,8,70,275
Tess,9,38,122
Tess,10,38,135
Tess,11,22,92
Tess,12,23,89
Tess,13,13,64
Tess,14,27,113
Bo,1,1169,1169
Mave,1,90,1273
Mave,2,6,234
Mave,3,10,189
Rey,1,9,1248
Rey,2,54,215
Rey,3,43,164
Rey,4,3,15
Tess,2,16528,65886
Tess,3,13718,55018
Tess,4,1270,5225
Tess,5,32,136
Tess,6,45,161
Tess,7,10,47
Tess,8,11,31
Tess,9,10,32
Tess,10,4,16
Tess,11,5,19
Tess,13,1,6
Tess,14,2,10
Bo,1,1063,1063
Mave,1,64,1098
Mave,2,39,564
Mave,3,8,45
Mave,4,2,21
Rey,2,146,620
Rey,3,9,50
Rey,4,2,22
Tess,2,40705,162742
Tess,3,3112,12332
Tess,4,1155,4675
Tess,5,19,97
Tess,6,10,34
Tess,7,4,17
Tess,8,4,18
Tess,9,5,15
Tess,10,4,13
Tess,11,4,12
Tess,12,1,6
Bo,1,1125,1125
Bo,5,1,1
Mave,1,76,1092
Mave,2,25,313
Mave,3,17,231
Mave,4,2,35
Rey,1,6,1066
Rey,2,71,296
Rey,3,57,245
Rey,4,6,36
Rey,11,1,1
Tess,2,21855,87279
Tess,3,17993,71960
Tess,4,2356,9370
Tess,5,58,223
Tess,6,20,93
Tess,7,9,47
Tess,8,4,17
Tess,9,3,20
Tess,10,8,26
Tess,11,6,13
Tess,13,2,6
Tess,14,1,3
